{
  "device": "cpu",
  "pointmlp": {
    "train_acc": 29.269531646855633,
    "test_acc": 22.974068071312804,
    "train_loss": 2.3569841742406563,
    "test_loss": 2.531663815824487
  },
  "pointnetbasic": {
    "train_acc": 93.15249415828508,
    "test_acc": 85.17017828200973,
    "train_loss": 0.1936714540147562,
    "test_loss": 0.5263562319127426
  },
  "pointnetfull": {
    "train_acc": 95.35710657319923,
    "test_acc": 86.87196110210697,
    "train_loss": 0.1289373345349113,
    "test_loss": 0.4888548958062449
  }
}