{
  "device": "cuda:0",
  "pointmlp": {
    "train_acc": 29.269531646855633,
    "test_acc": 22.974068071312804,
    "train_loss": 2.3569841847046233,
    "test_loss": 2.5316638034591796
  },
  "pointnetbasic": {
    "train_acc": 93.15249415828508,
    "test_acc": 85.17017828200973,
    "train_loss": 0.19367146939574767,
    "test_loss": 0.526356224816125
  },
  "pointnetfull": {
    "train_acc": 97.5312404754648,
    "test_acc": 87.80388978930308,
    "train_loss": 0.15451252955822614,
    "test_loss": 0.470448651808394
  }
}