{
  "g1_featreg_rotate_true_full64": {
    "run_ids": [
      "r07_nonorm_aug_opt_featreg_only",
      "r08_nonorm_aug_opt_featreg_only_seed8",
      "r09_nonorm_aug_opt_featreg_only_seed9"
    ],
    "acc": {
      "n": 3,
      "mean": 87.5472717450027,
      "std": 0.5130583444954826,
      "min": 86.9935170178282,
      "max": 88.0064829821718,
      "ci95_half": 1.2746104483290512
    },
    "nll": {
      "n": 3,
      "mean": 0.48502843525524336,
      "std": 0.023538920424718918,
      "min": 0.46838634327126477,
      "max": 0.5119602672477982,
      "ci95_half": 0.05847863939380292
    }
  },
  "g2_no_rot_featreg_full64": {
    "run_ids": [
      "r10_no_rot_aug_opt_featreg_seed10",
      "r11_no_rot_aug_opt_featreg_seed11"
    ],
    "acc": {
      "n": 2,
      "mean": 88.39141004862236,
      "std": 0.200557028699587,
      "min": 88.24959481361427,
      "max": 88.53322528363047,
      "ci95_half": 1.8019043760129563
    },
    "nll": {
      "n": 2,
      "mean": 0.46766674721453527,
      "std": 0.010853706294326743,
      "min": 0.4599920178928097,
      "max": 0.4753414765362608,
      "ci95_half": 0.09751511076184488
    }
  },
  "g3_best_full64_recipe": {
    "run_ids": [
      "r14_no_rot_ls_no_dropout_seed14",
      "r15_no_rot_ls_no_dropout_seed15"
    ],
    "acc": {
      "n": 2,
      "mean": 89.10048622366288,
      "std": 0.57302008199882,
      "min": 88.69529983792545,
      "max": 89.50567260940032,
      "ci95_half": 5.148298217179876
    },
    "nll": {
      "n": 2,
      "mean": 0.45041139836829136,
      "std": 0.011695832979427882,
      "min": 0.44214119555691267,
      "max": 0.4586816011796701,
      "ci95_half": 0.10508119692137798
    }
  }
}